{
  "assemblyStates": {
    "CE22B960C3E_Messages.FAMhc9dIaJ1jXPKik2FPR": {
      "namespace": "UiPath.IntegrationService.Activities.SWEntities.CE22B960C3E_Messages_Create.Bundle",
      "providerName": "CustomEntities",
      "key": {
        "name": "UiPath.IntegrationService.Activities.SWEntities.CE22B960C3E_Messages_Create",
        "hash": "MlJmdWQ3OGEwaVNRSU9UcG9QMVViVW92SyttTDUvRThHcEFXUVZnb2VBU3NoRjJNQ21TenV3RkVGSVVDZ0hUekhxTjVYTUVDcjNxUThWSE9qOXhlVkE9PQ",
        "assemblyName": "CE22B960C3E_Messages.FAMhc9dIaJ1jXPKik2FPR"
      }
    }
  }
}