{
  "exportedBy": null,
  "bundleHash": null,
  "version": "1.0.0.0",
  "jitAssemblyCompilerCommands": [
    {
      "providerName": "CustomEntities",
      "bundleOptions": {
        "hash": "2Rfud78a0iSQIOTpoP1UbUovK+mL5/E8GpAWQVgoeASshF2MCmSzuwFEFIUCgHTzHqN5XMECr3qQ8VHOj9xeVA==",
        "bundleName": "CE22B960C3E_Messages_Create",
        "entitiesBundle": {
          "Types": {
            "subresource_uris": {
              "name": "subresource_uris",
              "properties": [
                {
                  "name": "media",
                  "type": {
                    "ClrType": "System.String, System.Private.CoreLib"
                  }
                }
              ],
              "baseType": null
            },
            "Messages_Create": {
              "name": "Messages_Create",
              "properties": [
                {
                  "name": "subresource_uris",
                  "type": {
                    "definitionName": "subresource_uris"
                  }
                },
                {
                  "name": "account_sid",
                  "type": {
                    "ClrType": "System.String, System.Private.CoreLib"
                  }
                },
                {
                  "name": "api_version",
                  "type": {
                    "ClrType": "System.Nullable`1[[System.DateTimeOffset, System.Private.CoreLib]], System.Private.CoreLib"
                  },
                  "attributes": {
                    "values": [
                      {
                        "Type": {
                          "ClrType": "Newtonsoft.Json.JsonConverterAttribute, Newtonsoft.Json"
                        },
                        "constructorArguments": [
                          {
                            "Value": "{\r\n  \"ClrType\": \"UiPath.IntegrationService.Activities.Runtime.Helpers.DateTimeOffsetMaskDeserializer, UiPath.IntegrationService.Activities.Runtime\"\r\n}",
                            "type": {
                              "ClrType": "System.Activities.DesignViewModels.EntityTypeReference, System.Activities.ViewModels"
                            }
                          },
                          {
                            "Value": "\"yyyy-MM-dd\"",
                            "type": {
                              "ClrType": "System.String, System.Private.CoreLib"
                            }
                          }
                        ],
                        "namedArguments": []
                      }
                    ]
                  }
                },
                {
                  "name": "body",
                  "type": {
                    "ClrType": "System.String, System.Private.CoreLib"
                  },
                  "attributes": {
                    "values": [
                      {
                        "Type": {
                          "ClrType": "System.ComponentModel.CategoryAttribute, System.ComponentModel.Primitives"
                        },
                        "constructorArguments": [
                          {
                            "Value": "\"Simplified\"",
                            "type": {
                              "ClrType": "System.String, System.Private.CoreLib"
                            }
                          }
                        ],
                        "namedArguments": []
                      },
                      {
                        "Type": {
                          "ClrType": "System.ComponentModel.DataAnnotations.DisplayAttribute, System.ComponentModel.Annotations"
                        },
                        "constructorArguments": [],
                        "namedArguments": [
                          {
                            "name": "Order",
                            "value": {
                              "Value": "3",
                              "type": {
                                "ClrType": "System.Int32, System.Private.CoreLib"
                              }
                            }
                          }
                        ]
                      }
                    ]
                  }
                },
                {
                  "name": "date_created",
                  "type": {
                    "ClrType": "System.Nullable`1[[System.DateTimeOffset, System.Private.CoreLib]], System.Private.CoreLib"
                  },
                  "attributes": {
                    "values": [
                      {
                        "Type": {
                          "ClrType": "Newtonsoft.Json.JsonConverterAttribute, Newtonsoft.Json"
                        },
                        "constructorArguments": [
                          {
                            "Value": "{\r\n  \"ClrType\": \"UiPath.IntegrationService.Activities.Runtime.Helpers.DateTimeOffsetMaskDeserializer, UiPath.IntegrationService.Activities.Runtime\"\r\n}",
                            "type": {
                              "ClrType": "System.Activities.DesignViewModels.EntityTypeReference, System.Activities.ViewModels"
                            }
                          },
                          {
                            "Value": "\"EEE, dd MMM yyyy HH:mm:ss Z\"",
                            "type": {
                              "ClrType": "System.String, System.Private.CoreLib"
                            }
                          }
                        ],
                        "namedArguments": []
                      }
                    ]
                  }
                },
                {
                  "name": "date_sent",
                  "type": {
                    "ClrType": "System.Nullable`1[[System.DateTimeOffset, System.Private.CoreLib]], System.Private.CoreLib"
                  },
                  "attributes": {
                    "values": [
                      {
                        "Type": {
                          "ClrType": "Newtonsoft.Json.JsonConverterAttribute, Newtonsoft.Json"
                        },
                        "constructorArguments": [
                          {
                            "Value": "{\r\n  \"ClrType\": \"UiPath.IntegrationService.Activities.Runtime.Helpers.DateTimeOffsetMaskDeserializer, UiPath.IntegrationService.Activities.Runtime\"\r\n}",
                            "type": {
                              "ClrType": "System.Activities.DesignViewModels.EntityTypeReference, System.Activities.ViewModels"
                            }
                          },
                          {
                            "Value": "\"EEE, dd MMM yyyy HH:mm:ss Z\"",
                            "type": {
                              "ClrType": "System.String, System.Private.CoreLib"
                            }
                          }
                        ],
                        "namedArguments": []
                      }
                    ]
                  }
                },
                {
                  "name": "date_updated",
                  "type": {
                    "ClrType": "System.Nullable`1[[System.DateTimeOffset, System.Private.CoreLib]], System.Private.CoreLib"
                  },
                  "attributes": {
                    "values": [
                      {
                        "Type": {
                          "ClrType": "Newtonsoft.Json.JsonConverterAttribute, Newtonsoft.Json"
                        },
                        "constructorArguments": [
                          {
                            "Value": "{\r\n  \"ClrType\": \"UiPath.IntegrationService.Activities.Runtime.Helpers.DateTimeOffsetMaskDeserializer, UiPath.IntegrationService.Activities.Runtime\"\r\n}",
                            "type": {
                              "ClrType": "System.Activities.DesignViewModels.EntityTypeReference, System.Activities.ViewModels"
                            }
                          },
                          {
                            "Value": "\"EEE, dd MMM yyyy HH:mm:ss Z\"",
                            "type": {
                              "ClrType": "System.String, System.Private.CoreLib"
                            }
                          }
                        ],
                        "namedArguments": []
                      }
                    ]
                  }
                },
                {
                  "name": "direction",
                  "type": {
                    "ClrType": "System.String, System.Private.CoreLib"
                  }
                },
                {
                  "name": "error_code",
                  "type": {
                    "ClrType": "System.Nullable`1[[System.Int32, System.Private.CoreLib]], System.Private.CoreLib"
                  }
                },
                {
                  "name": "error_message",
                  "type": {
                    "ClrType": "System.String, System.Private.CoreLib"
                  }
                },
                {
                  "name": "from",
                  "type": {
                    "ClrType": "System.String, System.Private.CoreLib"
                  },
                  "attributes": {
                    "values": [
                      {
                        "Type": {
                          "ClrType": "System.ComponentModel.CategoryAttribute, System.ComponentModel.Primitives"
                        },
                        "constructorArguments": [
                          {
                            "Value": "\"Simplified\"",
                            "type": {
                              "ClrType": "System.String, System.Private.CoreLib"
                            }
                          }
                        ],
                        "namedArguments": []
                      },
                      {
                        "Type": {
                          "ClrType": "System.ComponentModel.DataAnnotations.DisplayAttribute, System.ComponentModel.Annotations"
                        },
                        "constructorArguments": [],
                        "namedArguments": [
                          {
                            "name": "Order",
                            "value": {
                              "Value": "2",
                              "type": {
                                "ClrType": "System.Int32, System.Private.CoreLib"
                              }
                            }
                          }
                        ]
                      }
                    ]
                  }
                },
                {
                  "name": "messaging_service_sid",
                  "type": {
                    "ClrType": "System.String, System.Private.CoreLib"
                  }
                },
                {
                  "name": "num_media",
                  "type": {
                    "ClrType": "System.String, System.Private.CoreLib"
                  }
                },
                {
                  "name": "num_segments",
                  "type": {
                    "ClrType": "System.String, System.Private.CoreLib"
                  }
                },
                {
                  "name": "price",
                  "type": {
                    "ClrType": "System.String, System.Private.CoreLib"
                  }
                },
                {
                  "name": "price_unit",
                  "type": {
                    "ClrType": "System.String, System.Private.CoreLib"
                  }
                },
                {
                  "name": "sid",
                  "type": {
                    "ClrType": "System.String, System.Private.CoreLib"
                  }
                },
                {
                  "name": "status",
                  "type": {
                    "ClrType": "System.String, System.Private.CoreLib"
                  }
                },
                {
                  "name": "_to",
                  "type": {
                    "ClrType": "System.String, System.Private.CoreLib"
                  },
                  "attributes": {
                    "values": [
                      {
                        "Type": {
                          "ClrType": "Newtonsoft.Json.JsonPropertyAttribute, Newtonsoft.Json"
                        },
                        "constructorArguments": [],
                        "namedArguments": [
                          {
                            "name": "PropertyName",
                            "value": {
                              "Value": "\"to\"",
                              "type": {
                                "ClrType": "System.String, System.Private.CoreLib"
                              }
                            }
                          }
                        ]
                      },
                      {
                        "Type": {
                          "ClrType": "System.ComponentModel.CategoryAttribute, System.ComponentModel.Primitives"
                        },
                        "constructorArguments": [
                          {
                            "Value": "\"Simplified\"",
                            "type": {
                              "ClrType": "System.String, System.Private.CoreLib"
                            }
                          }
                        ],
                        "namedArguments": []
                      },
                      {
                        "Type": {
                          "ClrType": "System.ComponentModel.DataAnnotations.DisplayAttribute, System.ComponentModel.Annotations"
                        },
                        "constructorArguments": [],
                        "namedArguments": [
                          {
                            "name": "Order",
                            "value": {
                              "Value": "1",
                              "type": {
                                "ClrType": "System.Int32, System.Private.CoreLib"
                              }
                            }
                          }
                        ]
                      }
                    ]
                  }
                },
                {
                  "name": "uri",
                  "type": {
                    "ClrType": "System.String, System.Private.CoreLib"
                  }
                }
              ],
              "baseType": null
            }
          },
          "version": 1
        }
      },
      "entityAssemblyKey": {
        "name": "UiPath.IntegrationService.Activities.SWEntities.CE22B960C3E_Messages_Create",
        "hash": "MlJmdWQ3OGEwaVNRSU9UcG9QMVViVW92SyttTDUvRThHcEFXUVZnb2VBU3NoRjJNQ21TenV3RkVGSVVDZ0hUekhxTjVYTUVDcjNxUThWSE9qOXhlVkE9PQ",
        "assemblyName": "CE22B960C3E_Messages.FAMhc9dIaJ1jXPKik2FPR"
      }
    }
  ]
}